{
  "logistic_regression": {
    "accuracy": 0.7622309197651663,
    "precision": 0.14652014652014653,
    "recall": 0.8,
    "f1_score": 0.2476780185758514,
    "roc_auc": 0.8420987654320988,
    "confusion_matrix": [
      [
        739,
        233
      ],
      [
        10,
        40
      ]
    ]
  },
  "random_forest": {
    "accuracy": 0.8884540117416829,
    "precision": 0.12790697674418605,
    "recall": 0.22,
    "f1_score": 0.16176470588235295,
    "roc_auc": 0.7813168724279836,
    "confusion_matrix": [
      [
        897,
        75
      ],
      [
        39,
        11
      ]
    ]
  },
  "xgboost": {
    "accuracy": 0.860078277886497,
    "precision": 0.10256410256410256,
    "recall": 0.24,
    "f1_score": 0.1437125748502994,
    "roc_auc": 0.7631481481481481,
    "confusion_matrix": [
      [
        867,
        105
      ],
      [
        38,
        12
      ]
    ]
  }
}