{
  "logistic_regression": {
    "accuracy": 0.7622309197651663,
    "precision": 0.14652014652014653,
    "recall": 0.8,
    "f1_score": 0.2476780185758514,
    "roc_auc": 0.8420987654320988,
    "confusion_matrix": [
      [
        739,
        233
      ],
      [
        10,
        40
      ]
    ]
  },
  "random_forest": {
    "accuracy": 0.8884540117416829,
    "precision": 0.12790697674418605,
    "recall": 0.22,
    "f1_score": 0.16176470588235295,
    "roc_auc": 0.781224279835391,
    "confusion_matrix": [
      [
        897,
        75
      ],
      [
        39,
        11
      ]
    ]
  },
  "xgboost": {
    "accuracy": 0.860078277886497,
    "precision": 0.11570247933884298,
    "recall": 0.28,
    "f1_score": 0.16374269005847952,
    "roc_auc": 0.7724691358024691,
    "confusion_matrix": [
      [
        865,
        107
      ],
      [
        36,
        14
      ]
    ]
  }
}