{
  "logistic_regression": {
    "accuracy": 0.7514677103718199,
    "precision": 0.14084507042253522,
    "recall": 0.8,
    "f1_score": 0.23952095808383234,
    "roc_auc": 0.8450411522633744,
    "confusion_matrix": [
      [
        728,
        244
      ],
      [
        10,
        40
      ]
    ]
  },
  "random_forest": {
    "accuracy": 0.9187866927592955,
    "precision": 0.0975609756097561,
    "recall": 0.08,
    "f1_score": 0.08791208791208792,
    "roc_auc": 0.7496913580246913,
    "confusion_matrix": [
      [
        935,
        37
      ],
      [
        46,
        4
      ]
    ]
  },
  "xgboost": {
    "accuracy": 0.9227005870841487,
    "precision": 0.21568627450980393,
    "recall": 0.22,
    "f1_score": 0.21782178217821782,
    "roc_auc": 0.7891358024691357,
    "confusion_matrix": [
      [
        932,
        40
      ],
      [
        39,
        11
      ]
    ]
  }
}